Alias,FAO Country
AFG,Afghanistan
Afghanistan,Afghanistan
ALB,Albania
Albania,Albania
DZA,Algeria
Algeria,Algeria
American Samoa,American Samoa
Andorra,Andorra
AGO,Angola
Angola,Angola
Anguilla,Anguilla
Antarctica,Antarctica
Antigua and Barbuda,Antigua and Barbuda
ATG,Antigua and Barbuda
ARG,Argentina
Argentina,Argentina
ARM,Armenia
Armenia,Armenia
Aruba,Aruba
AUS,Australia
Australia,Australia
AUT,Austria
Austria,Austria
Azerbaijan,Azerbaijan
AZE,Azerbaijan
Bahamas,Bahamas
BHS,Bahamas
"Bahamas, The",Bahamas
Bahrain,Bahrain
BHR,Bahrain
Bangladesh,Bangladesh
BGD,Bangladesh
Barbados,Barbados
BRB,Barbados
Belarus,Belarus
BLR,Belarus
BEL,Belgium
Belgium,Belgium
Belgium-Luxembourg,Belgium-Luxembourg
BLZ,Belize
Belize,Belize
BEN,Benin
Benin,Benin
Bermuda,Bermuda
Bhutan,Bhutan
BTN,Bhutan
Bolivia (Plurinational State of),Bolivia (Plurinational State of)
Bolivia,Bolivia (Plurinational State of)
BOL,Bolivia (Plurinational State of)
"Bolivia (Plurinat.State)",Bolivia (Plurinational State of)
"Bonaire, Sint Eustatius and Saba","Bonaire, Sint Eustatius and Saba"
BIH,Bosnia and Herzegovina
Bosnia and Herzegovina,Bosnia and Herzegovina
BWA,Botswana
Botswana,Botswana
Bouvet Island,Bouvet Island
Brazil,Brazil
BRA,Brazil
British Indian Ocean Territory,British Indian Ocean Territory
British Virgin Islands,British Virgin Islands
Brunei Darussalam,Brunei Darussalam
Brunei,Brunei Darussalam
BRN,Brunei Darussalam
BGR,Bulgaria
Bulgaria,Bulgaria
Burkina Faso,Burkina Faso
BFA,Burkina Faso
Burundi,Burundi
BDI,Burundi
CPV,Cabo Verde
Cabo Verde,Cabo Verde
Cape Verde,Cabo Verde
KHM,Cambodia
Cambodia,Cambodia
CMR,Cameroon
Cameroon,Cameroon
Canada,Canada
CAN,Canada
Canton and Enderbury Islands,Canton and Enderbury Islands
Cayman Islands,Cayman Islands
Central African Republic,Central African Republic
CAF,Central African Republic
TCD,Chad
Chad,Chad
Channel Islands,Channel Islands
CHL,Chile
Chile,Chile
HKG,"China, Hong Kong SAR"
Hong Kong,"China, Hong Kong SAR"
"Hong Kong, Special Administrative Region of China","China, Hong Kong SAR"
"Hong Kong SAR, China","China, Hong Kong SAR"
"China, Hong Kong SAR","China, Hong Kong SAR"
"Macao SAR, China","China, Macao SAR"
"Macao, Special Administrative Region of China","China, Macao SAR"
"China, Macao SAR","China, Macao SAR"
MAC,"China, Macao SAR"
Macao,"China, Macao SAR"
"China, Taiwan Province of","China, Taiwan Province of"
Taiwan Province of China,"China, Taiwan Province of"
"Taiwan, Republic of China","China, Taiwan Province of"
Taiwan,"China, Taiwan Province of"
TWN,"China, Taiwan Province of"
"China, mainland","China, mainland"
CHN,"China, mainland"
China,"China, mainland"
Christmas Island,Christmas Island
Cocos (Keeling) Islands,Cocos (Keeling) Islands
COL,Colombia
Colombia,Colombia
COM,Comoros
Comoros,Comoros
Congo,Congo
COG,Congo
"Congo, Rep.",Congo
"Republic of Congo",Congo
Cook Islands,Cook Islands
COK,Cook Islands
Costa Rica,Costa Rica
CRI,Costa Rica
HRV,Croatia
Croatia,Croatia
CUB,Cuba
Cuba,Cuba
Curaçao,Curaçao
CYP,Cyprus
Cyprus,Cyprus
Czechia,Czechia
Czech Republic,Czechia
CZE,Czechia
Czechoslovakia,Czechoslovakia
Côte d'Ivoire,Côte d'Ivoire
CIV,Côte d'Ivoire
Côte d'Ivoire,Côte d'Ivoire
PRK,Democratic People's Republic of Korea
"Korea, Dem. People's Rep",Democratic People's Republic of Korea
Democratic People's Republic of Korea,Democratic People's Republic of Korea
North Korea,Democratic People's Republic of Korea
"Korea, Dem. Peopleâs Rep.",Democratic People's Republic of Korea
Democratic Republic of the Congo,Democratic Republic of the Congo
"Congo, Dem. Rep. of the",Democratic Republic of the Congo
COD,Democratic Republic of the Congo
"Congo, Dem. Rep.",Democratic Republic of the Congo
DNK,Denmark
Denmark,Denmark
Djibouti,Djibouti
DJI,Djibouti
Dominica,Dominica
DMA,Dominica
DOM,Dominican Republic
Dominican Republic,Dominican Republic
Ecuador,Ecuador
ECU,Ecuador
Egypt,Egypt
EGY,Egypt
"Egypt, Arab Rep.",Egypt
SLV,El Salvador
El Salvador,El Salvador
GNQ,Equatorial Guinea
Equatorial Guinea,Equatorial Guinea
ERI,Eritrea
Eritrea,Eritrea
Estonia,Estonia
EST,Estonia
SWZ,Eswatini
Eswatini,Eswatini
Swaziland,Eswatini
Ethiopia,Ethiopia
ETH,Ethiopia
Ethiopia PDR,Ethiopia PDR
EU28,European Union (28)
Falkland Islands (Malvinas),Falkland Islands (Malvinas)
Faroe Islands,Faroe Islands
FRO,Faroe Islands
Faeroe Islands,Faroe Islands
FJI,Fiji
Fiji,Fiji
Finland,Finland
FIN,Finland
FRA,France
France,France
French Guyana,French Guyana
PYF,French Polynesia
French Polynesia,French Polynesia
French Southern Territories,French Southern Territories
GAB,Gabon
Gabon,Gabon
GMB,Gambia
Gambia,Gambia
"Gambia, The",Gambia
Gaza Strip,Gaza Strip
GEO,Georgia
Georgia,Georgia
Germany,Germany
DEU,Germany
Germany Fr,Germany Fr
Germany Nl,Germany Nl
GHA,Ghana
Ghana,Ghana
Gibraltar,Gibraltar
Greece,Greece
GRC,Greece
Greenland,Greenland
GRD,Grenada
Grenada,Grenada
Guadeloupe,Guadeloupe
Guam,Guam
Guatemala,Guatemala
GTM,Guatemala
Guernsey,Guernsey
GIN,Guinea
Guinea,Guinea
GNB,Guinea-Bissau
Guinea-Bissau,Guinea-Bissau
Guyana,Guyana
GUY,Guyana
HTI,Haiti
Haiti,Haiti
Heard and McDonald Islands,Heard and McDonald Islands
Holy See,Holy See
Honduras,Honduras
HND,Honduras
Hungary,Hungary
HUN,Hungary
Iceland,Iceland
ISL,Iceland
India,India
IND,India
IDN,Indonesia
Indonesia,Indonesia
IRN,Iran (Islamic Republic of)
"Iran, Islamic Rep.",Iran (Islamic Republic of)
Iran,Iran (Islamic Republic of)
Iran (Islamic Republic of),Iran (Islamic Republic of)
Iran (Islamic Rep. of),Iran (Islamic Republic of)
Iraq,Iraq
IRQ,Iraq
Ireland,Ireland
IRL,Ireland
Isle of Man,Isle of Man
ISR,Israel
Israel,Israel
Italy,Italy
ITA,Italy
JAM,Jamaica
Jamaica,Jamaica
JPN,Japan
Japan,Japan
Jersey,Jersey
Johnston Island,Johnston Island
Jordan,Jordan
JOR,Jordan
KAZ,Kazakhstan
Kazakhstan,Kazakhstan
Kenya,Kenya
KEN,Kenya
KIR,Kiribati
Kiribati,Kiribati
Kosovo,Kosovo
KWT,Kuwait
Kuwait,Kuwait
Kyrgyz Republic,Kyrgyzstan
KGZ,Kyrgyzstan
Kyrgyzstan,Kyrgyzstan
Lao PDR,Lao People's Democratic Republic
Lao People's Democratic Republic,Lao People's Democratic Republic
Lao People's Dem. Rep.,Lao People's Democratic Republic
LAO,Lao People's Democratic Republic
Laos,Lao People's Democratic Republic
LVA,Latvia
Latvia,Latvia
Lebanon,Lebanon
LBN,Lebanon
Lesotho,Lesotho
LSO,Lesotho
Liberia,Liberia
LBR,Liberia
Libya,Libya
LBY,Libya
Liechtenstein,Liechtenstein
Lithuania,Lithuania
LTU,Lithuania
Luxembourg,Luxembourg
LUX,Madagascar
Madagascar,Madagascar
Madeira Islands,Madeira Islands
MWI,Malawi
Malawi,Malawi
MKD,Malaysia
Malaysia,Malaysia
MDV,Maldives
Maldives,Maldives
MLI,Mali
Mali,Mali
Malta,Malta
MLT,Malta
MHL,Marshall Islands
Marshall Islands,Marshall Islands
Martinique,Martinique
Mauritania,Mauritania
MRT,Mauritania
MUS,Mauritius
Mauritius,Mauritius
Mayotte,Mayotte
Mexico,Mexico
MEX,Mexico
Federated States of Micronesia,Micronesia (Federated States of)
Micronesia (Federated States of),Micronesia (Federated States of)
FSM,Micronesia (Federated States of)
Micronesia,Micronesia (Federated States of)
Midway Island,Midway Island
Monaco,Monaco
Mongolia,Mongolia
MNG,Mongolia
Montenegro,Montenegro
MNE,Montenegro
Montserrat,Montserrat
Morocco,Morocco
MAR,Morocco
MOZ,Mozambique
Mozambique,Mozambique
MMR,Myanmar
Myanmar,Myanmar
NAM,Namibia
Namibia,Namibia
NRU,Nauru
Nauru,Nauru
Nepal,Nepal
NPL,Nepal
Netherlands,Netherlands
NLD,Netherlands
Netherlands Antilles (former),Netherlands Antilles (former)
Netherlands Antilles,Netherlands Antilles (former)
Neutral Zone,Neutral Zone
NCL,New Caledonia
New Caledonia,New Caledonia
New Zealand,New Zealand
NZL,New Zealand
NIC,Nicaragua
Nicaragua,Nicaragua
Niger,Niger
NER,Niger
NGA,Nigeria
Nigeria,Nigeria
Niue,Niue
NIU,Niue
Norfolk Island,Norfolk Island
Macedonia (Republic of),North Macedonia
Macedonia,North Macedonia
The former Yugoslav Republic of Macedonia,North Macedonia
North Macedonia,North Macedonia
Northern Mariana Islands,Northern Mariana Islands
NOR,Norway
Norway,Norway
Oman,Oman
OMN,Oman
Pacific Islands Trust Territory,Pacific Islands Trust Territory
PAK,Pakistan
Pakistan,Pakistan
Palau,Palau
West Bank,Palestine
West Bank and Gaza,Palestine
Occupied Palestinian Territory,Palestine
PSE,Palestine
Palestine,Palestine
PAN,Panama
Panama,Panama
PNG,Papua New Guinea
Papua New Guinea,Papua New Guinea
Paraguay,Paraguay
PRY,Paraguay
PER,Peru
Peru,Peru
PHL,Philippines
Philippines,Philippines
Pitcairn,Pitcairn
POL,Poland
Poland,Poland
Portugal,Portugal
PRT,Portugal
Puerto Rico,Puerto Rico
Qatar,Qatar
QAT,Qatar
KOR,Republic of Korea
"Korea, Rep.",Republic of Korea
"Korea, Republic of",Republic of Korea
Republic of Korea,Republic of Korea
South Korea,Republic of Korea
MDA,Republic of Moldova
Republic of Moldova,Republic of Moldova
Moldova,Republic of Moldova
"Moldova, Republic of",Republic of Moldova
ROU,Romania
Romania,Romania
Russian Federation,Russian Federation
Russia,Russian Federation
RUS,Russian Federation
RWA,Rwanda
Rwanda,Rwanda
Réunion,Réunion
Réunion,Réunion
Saint Barthélemy,Saint Barthélemy
Saint Helena,"Saint Helena, Ascension and Tristan da Cunha"
"Saint Helena, Ascension and Tristan da Cunha","Saint Helena, Ascension and Tristan da Cunha"
Saint Kitts and Nevis,Saint Kitts and Nevis
KNA,Saint Kitts and Nevis
Saint Lucia,Saint Lucia
LCA,Saint Lucia
Saint Pierre et Miquelon,Saint Pierre and Miquelon
Saint Pierre and Miquelon,Saint Pierre and Miquelon
VCT,Saint Vincent and the Grenadines
Saint Vincent and the Grenadines,Saint Vincent and the Grenadines
Saint-Martin (French part),Saint-Martin (French part)
Samoa,Samoa
WSM,Samoa
San Marino,San Marino
STP,Sao Tome and Principe
Sao Tome and Principe,Sao Tome and Principe
SAU,Saudi Arabia
Saudi Arabia,Saudi Arabia
SEN,Senegal
Senegal,Senegal
SRB,Serbia
Serbia,Serbia
Serbia and Montenegro,Serbia and Montenegro
SYC,Seychelles
Seychelles,Seychelles
Sierra Leone,Sierra Leone
SLE,Sierra Leone
Singapore,Singapore
SGP,Singapore
Sint Maarten (Dutch part),Sint Maarten (Dutch part)
SVK,Slovakia
Slovak Republic,Slovakia
Slovakia,Slovakia
SVN,Slovenia
Slovenia,Slovenia
Solomon Islands,Solomon Islands
SLB,Solomon Islands
Somalia,Somalia
SOM,Somalia
South Africa,South Africa
ZAF,South Africa
South Georgia and the South Sandwich Islands,South Georgia and the South Sandwich Islands
South Sudan,South Sudan
SSD,South Sudan
ESP,Spain
Spain,Spain
Sri Lanka,Sri Lanka
LKA,Sri Lanka
Sudan,Sudan
SDN,Sudan
Sudan (former),Sudan (former)
Suriname,Suriname
SUR,Suriname
Svalbard and Jan Mayen Islands,Svalbard and Jan Mayen Islands
SWE,Sweden
Sweden,Sweden
CHE,Switzerland
Switzerland,Switzerland
Syria,Syrian Arab Republic
SYR,Syrian Arab Republic
Syrian Arab Republic,Syrian Arab Republic
TJK,Tajikistan
Tajikistan,Tajikistan
THA,Thailand
Thailand,Thailand
TLS,Timor-Leste
Timor-Leste,Timor-Leste
Togo,Togo
TGO,Togo
Tokelau,Tokelau
TON,Tonga
Tonga,Tonga
Trinidad and Tobago,Trinidad and Tobago
TTO,Trinidad and Tobago
TUN,Tunisia
Tunisia,Tunisia
TUR,Turkey
Turkey,Turkey
TKM,Turkmenistan
Turkmenistan,Turkmenistan
Turks and Caicos Islands,Turks and Caicos Islands
TUV,Tuvalu
Tuvalu,Tuvalu
USSR,USSR
Uganda,Uganda
UGA,Uganda
UKR,Ukraine
Ukraine,Ukraine
United Arab Emirates,United Arab Emirates
ARE,United Arab Emirates
United Kingdom of Great Britain and Northern Ireland,United Kingdom of Great Britain and Northern Ireland
United Kingdom,United Kingdom of Great Britain and Northern Ireland
GBR,United Kingdom of Great Britain and Northern Ireland
Tanzania,United Republic of Tanzania
"Tanzania, United Rep. of",United Republic of Tanzania
United Republic of Tanzania,United Republic of Tanzania
TZA,United Republic of Tanzania
United States Minor Outlying Islands,United States Minor Outlying Islands
United States Virgin Islands,United States Virgin Islands
USA,United States of America
United States,United States of America
United States of America,United States of America
Unspecified Area,Unspecified Area
URY,Uruguay
Uruguay,Uruguay
UZB,Uzbekistan
Uzbekistan,Uzbekistan
VUT,Vanuatu
Vanuatu,Vanuatu
Venezuela (Bolivarian Republic of),Venezuela (Bolivarian Republic of)
Venezuela,Venezuela (Bolivarian Republic of)
"Venezuela, RB",Venezuela (Bolivarian Republic of)
VEN,Venezuela (Bolivarian Republic of)
"Venezuela, Boliv Rep of",Venezuela (Bolivarian Republic of)
Viet Nam,Viet Nam
VNM,Viet Nam
Vietnam,Viet Nam
Wake Island,Wake Island
Wallis and Futuna Islands,Wallis and Futuna Islands
Western Sahara,Western Sahara
World,World
WORLD,World
Yemen,Yemen
"Yemen, Rep.",Yemen
YEM,Yemen
Yemen Ar Rp,Yemen Ar Rp
Yemen Dem,Yemen Dem
Yugoslav SFR,Yugoslav SFR
ZMB,Zambia
Zambia,Zambia
ZWE,Zimbabwe
Zimbabwe,Zimbabwe
Åland Islands,Åland Islands
ABW,
AIA,
AND,
BMU,
Bonaire  Saint Eustatius and Saba,
CUW,
GRL,
KOS,
LIE,
MSR,
PLW,
SHN,
SPM,
SXM,
TCA,
VGB,
WLF,
